"Gene_ID","annotation"
"Solly.M82.01G000160.1","Cytochrome b561/ferric reductase transmembrane protein family"
"Solly.M82.01G001470.2","lipoxygenase"
"Solly.M82.01G003160.1","Photosystem II 5 kD protein"
"Solly.M82.01G003350.1","Glycosyl hydrolase superfamily protein"
"Solly.M82.01G003350.2","Glycosyl hydrolase superfamily protein"
"Solly.M82.01G003350.3","Glycosyl hydrolase superfamily protein"
"Solly.M82.01G004880.1","beta glucosidase"
"Solly.M82.01G004880.2","beta glucosidase"
"Solly.M82.01G004890.1","hypothetical protein"
"Solly.M82.01G004900.1","hypothetical protein"
"Solly.M82.01G004990.2","6-phosphogluconolactonase"
"Solly.M82.01G005160.1","cytochrome P450, family 83, subfamily B, polypeptide"
"Solly.M82.01G005500.2","hypothetical protein"
"Solly.M82.01G011790.1","Adenine nucleotide alpha hydrolases-like superfamily protein"
"Solly.M82.01G016030.1","conserved hypothetical protein"
"Solly.M82.01G016030.2","conserved hypothetical protein"
"Solly.M82.01G016480.1","GTP1/OBG family protein"
"Solly.M82.01G016480.2","GTP1/OBG family protein"
"Solly.M82.01G016730.1","beta-amylase"
"Solly.M82.01G017160.1","NAD(P)-binding Rossmann-fold superfamily protein"
"Solly.M82.01G018030.2","WRKY DNA-binding protein"
"Solly.M82.01G019110.1","alpha/beta-Hydrolases superfamily protein"
"Solly.M82.01G019340.1","methionine sulfoxide reductase B5"
"Solly.M82.01G019350.1","hypothetical protein"
"Solly.M82.01G020240.1","xyloglucan endotransglucosylase/hydrolase"
"Solly.M82.01G020420.1","glutathione S-transferase tau"
"Solly.M82.01G022590.1","serine carboxypeptidase-like"
"Solly.M82.01G022720.2","pheophytinase"
"Solly.M82.01G022980.1","Fatty acid hydroxylase superfamily"
"Solly.M82.01G022980.2","Fatty acid hydroxylase superfamily"
"Solly.M82.01G023170.1","Plant invertase/pectin methylesterase inhibitor superfamily protein"
"Solly.M82.01G023270.3","Protein kinase superfamily protein"
"Solly.M82.01G023350.5","cytochrome P450, family 714, subfamily A, polypeptide"
"Solly.M82.01G024120.1","alpha/beta-Hydrolases superfamily protein"
"Solly.M82.01G025260.1","S-adenosyl-L-methionine-dependent methyltransferases superfamily protein"
"Solly.M82.01G025690.2","cytochrome P450, family 704, subfamily A, polypeptide"
"Solly.M82.01G025690.3","cytochrome P450, family 704, subfamily A, polypeptide"
"Solly.M82.01G025850.2","NAD(P)-binding Rossmann-fold superfamily protein"
"Solly.M82.01G026460.1","cysteine synthase C1"
"Solly.M82.01G026460.4","cysteine synthase C1"
"Solly.M82.01G026800.1","1-amino-cyclopropane-1-carboxylate synthase"
"Solly.M82.01G027030.1","hypothetical protein"
"Solly.M82.01G027040.1","BCL-2-associated athanogene"
"Solly.M82.01G027160.4","Galactose mutarotase-like superfamily protein"
"Solly.M82.01G027580.1","Tetratricopeptide repeat (TPR)-like superfamily protein"
"Solly.M82.01G027580.2","Tetratricopeptide repeat (TPR)-like superfamily protein"
"Solly.M82.01G027620.1","O-acyltransferase (WSD1-like) family protein"
"Solly.M82.01G027630.1","O-acyltransferase (WSD1-like) family protein"
"Solly.M82.01G028030.1","homeobox"
"Solly.M82.01G028890.6","ankyrin repeat family protein"
"Solly.M82.01G029510.1","Cytidine/deoxycytidylate deaminase family protein"
"Solly.M82.01G029750.1","Esterase/lipase/thioesterase family protein"
"Solly.M82.01G030220.1","Protein of unknown function (DUF3049)"
"Solly.M82.01G030390.1","RING/U-box superfamily protein"
"Solly.M82.01G030700.1","SGNH hydrolase-type esterase superfamily protein"
"Solly.M82.01G030700.2","SGNH hydrolase-type esterase superfamily protein"
"Solly.M82.01G030820.1","lipoxygenase"
"Solly.M82.01G030830.1","lipoxygenase"
"Solly.M82.01G030880.1","lipoxygenase"
"Solly.M82.01G030880.2","PLAT/LH2 domain-containing lipoxygenase family protein"
"Solly.M82.01G031280.1","Cysteine/Histidine-rich C1 domain family protein"
"Solly.M82.01G031300.1","Heavy metal transport/detoxification superfamily protein "
"Solly.M82.01G031670.1","phloem protein 2-B15"
"Solly.M82.01G032140.2","Adenine nucleotide alpha hydrolases-like superfamily protein"
"Solly.M82.01G032230.1","basic region/leucine zipper motif"
"Solly.M82.01G032400.1","Phosphoinositide phosphatase family protein"
"Solly.M82.01G032410.3","catalase"
"Solly.M82.01G032530.1","Protein of unknown function, DUF538"
"Solly.M82.01G033090.1","Low temperature and salt responsive protein family"
"Solly.M82.01G033770.1","HSP20-like chaperones superfamily protein"
"Solly.M82.01G034910.10","2-oxoglutarate (2OG) and Fe(II)-dependent oxygenase superfamily protein"
"Solly.M82.01G034910.3","2-oxoglutarate (2OG) and Fe(II)-dependent oxygenase superfamily protein"
"Solly.M82.01G034980.1","GNS1/SUR4 membrane protein family"
"Solly.M82.01G035390.2","Protein of unknown function (DUF1644)"
"Solly.M82.01G035530.1","hypothetical protein"
"Solly.M82.01G035560.1","G-box binding factor"
"Solly.M82.01G037570.1","AGAMOUS-like"
"Solly.M82.01G037680.1","ethylene-dependent gravitropism-deficient and yellow-green-like"
"Solly.M82.01G038000.1","C2H2 and C2HC zinc fingers superfamily protein"
"Solly.M82.01G038690.1","UDP-glucosyl transferase 73B3"
"Solly.M82.01G038710.1","UDP-glucosyl transferase 73B3"
"Solly.M82.01G039320.1","CDPK-related kinase"
"Solly.M82.01G039560.1","alpha/beta-Hydrolases superfamily protein"
"Solly.M82.01G039660.1","methyl esterase"
"Solly.M82.01G039790.1","2-oxoglutarate (2OG) and Fe(II)-dependent oxygenase superfamily protein"
"Solly.M82.01G039790.2","2-oxoglutarate (2OG) and Fe(II)-dependent oxygenase superfamily protein"
"Solly.M82.01G040110.1","cold-regulated 413-plasma membrane"
"Solly.M82.01G040110.2","cold-regulated 413-plasma membrane"
"Solly.M82.01G040110.3","cold regulated 413 plasma membrane"
"Solly.M82.01G041930.1","Calcium-binding EF-hand family protein"
"Solly.M82.01G042110.1","PLC-like phosphodiesterases superfamily protein"
"Solly.M82.01G042980.1","flavin-dependent monooxygenase"
"Solly.M82.02G003030.1","DNAJ heat shock N-terminal domain-containing protein"
"Solly.M82.02G004470.1","WRKY DNA-binding protein"
"Solly.M82.02G006660.1","hypothetical protein"
"Solly.M82.02G007440.1","AMP-dependent synthetase and ligase family protein"
"Solly.M82.02G007440.2","AMP-dependent synthetase and ligase family protein"
"Solly.M82.02G009120.1","Dehydrin domain containing protein"
"Solly.M82.02G009180.1","2-oxoglutarate (2OG) and Fe(II)-dependent oxygenase superfamily protein"
"Solly.M82.02G009200.1","2-oxoglutarate (2OG) and Fe(II)-dependent oxygenase superfamily protein"
"Solly.M82.02G009940.1","peptidemethionine sulfoxide reductase"
"Solly.M82.02G010060.1","Calcium-dependent lipid-binding (CaLB domain) family protein"
"Solly.M82.02G010440.1","Acyl-CoA N-acyltransferases (NAT) superfamily protein"
"Solly.M82.02G010710.7","Cystathionine beta-synthase (CBS) family protein"
"Solly.M82.02G010990.1","Salicylic acid-binding protein"
"Solly.M82.02G011000.1","methyl esterase"
"Solly.M82.02G012520.1","carbonic anhydrase"
"Solly.M82.02G013060.1","2-oxoglutarate (2OG) and Fe(II)-dependent oxygenase superfamily protein"
"Solly.M82.02G013060.2","2-oxoglutarate (2OG) and Fe(II)-dependent oxygenase superfamily protein"
"Solly.M82.02G013320.2","K+ uptake permease"
"Solly.M82.02G014290.1","ATPase E1-E2 type family protein / haloacid dehalogenase-like hydrolase family protein"
"Solly.M82.02G014730.1","alpha/beta-Hydrolases superfamily protein"
"Solly.M82.02G014810.1","UDP-Glycosyltransferase superfamily protein"
"Solly.M82.02G015830.1","Drug/metabolite transporter superfamily protein"
"Solly.M82.02G015840.1","purine permease"
"Solly.M82.02G017360.1","Protein of unknown function (DUF688)"
"Solly.M82.02G017400.1","xylem bark cysteine peptidase"
"Solly.M82.02G017880.1","Cysteine proteinases superfamily protein"
"Solly.M82.02G018480.2","DNAJ heat shock family protein"
"Solly.M82.02G018520.1","Protein E6"
"Solly.M82.02G018680.2","hypothetical protein"
"Solly.M82.02G018680.3","hypothetical protein"
"Solly.M82.02G018680.4","hypothetical protein"
"Solly.M82.02G018680.5","hypothetical protein"
"Solly.M82.02G018680.7","squamosa promoter binding protein-like"
"Solly.M82.02G019130.1","Anther-specific protein TA-29"
"Solly.M82.02G019160.1","allantoinase"
"Solly.M82.02G019550.2","Protein of unknown function (DUF707)"
"Solly.M82.02G019880.1","hypothetical protein"
"Solly.M82.02G019890.1","NAD(P)H dehydrogenase B2"
"Solly.M82.02G020190.2","HXXXD-type acyl-transferase family protein"
"Solly.M82.02G020800.3","conserved hypothetical protein"
"Solly.M82.02G020800.6","conserved hypothetical protein"
"Solly.M82.02G021790.1","fibrillin"
"Solly.M82.02G022150.1","Protein kinase superfamily protein"
"Solly.M82.02G022240.1","FTSH protease"
"Solly.M82.02G024170.1","Rhodanese/Cell cycle control phosphatase superfamily protein"
"Solly.M82.02G024170.2","Rhodanese/Cell cycle control phosphatase superfamily protein"
"Solly.M82.02G024250.1","conserved hypothetical protein"
"Solly.M82.02G025750.1","MAP kinase"
"Solly.M82.02G026190.1","hypothetical protein"
"Solly.M82.02G026210.4","succinate dehydrogenase 1-1"
"Solly.M82.02G026690.2","Regulator of Vps4 activity in the MVB pathway protein"
"Solly.M82.02G027500.2","Cytochrome c oxidase subunit Vc family protein"
"Solly.M82.02G029170.1","Protein of unknown function (DUF1997)"
"Solly.M82.02G030100.1","PLC-like phosphodiesterases superfamily protein"
"Solly.M82.02G030110.1","brassinosteroid-6-oxidase"
"Solly.M82.02G031740.1","heat shock factor"
"Solly.M82.02G032980.1","Carbohydrate-binding protein"
"Solly.M82.02G032990.11","ACT domain repeat"
"Solly.M82.02G032990.3","ACT domain repeat"
"Solly.M82.02G033440.1","Phototropic-responsive NPH3 family protein"
"Solly.M82.03G000090.1","Myzus persicae-induced lipase"
"Solly.M82.03G000100.1","conserved hypothetical protein"
"Solly.M82.03G002310.1","Protein phosphatase 2C family protein"
"Solly.M82.03G003320.1","heat shock protein 90.1"
"Solly.M82.03G003380.4","beta-hydroxylase"
"Solly.M82.03G004280.1","methyl-CPG-binding domain protein"
"Solly.M82.03G004280.3","methyl-CPG-binding domain protein"
"Solly.M82.03G005340.1","Vacuolar protein sorting-associated protein VPS28 family protein"
"Solly.M82.03G005340.3","Vacuolar protein sorting-associated protein VPS28 family protein"
"Solly.M82.03G005440.1","PHYTOENE SYNTHASE"
"Solly.M82.03G005440.2","PHYTOENE SYNTHASE"
"Solly.M82.03G005440.3","PHYTOENE SYNTHASE"
"Solly.M82.03G005440.4","PHYTOENE SYNTHASE"
"Solly.M82.03G005440.5","PHYTOENE SYNTHASE"
"Solly.M82.03G005440.6","PHYTOENE SYNTHASE"
"Solly.M82.03G005490.1","YELLOW STRIPE like"
"Solly.M82.03G005580.2","hydroxy methylglutaryl CoA reductase"
"Solly.M82.03G006440.2","Protein of unknown function (DUF726)"
"Solly.M82.03G007710.1","cytochrome c oxidase-related"
"Solly.M82.03G007710.2","cytochrome c oxidase-related"
"Solly.M82.03G008150.1","Integrase-type DNA-binding superfamily protein"
"Solly.M82.03G008150.2","Integrase-type DNA-binding superfamily protein"
"Solly.M82.03G008400.1","hypothetical protein"
"Solly.M82.03G009320.2","hypothetical protein"
"Solly.M82.03G011500.5","Rhodanese/Cell cycle control phosphatase superfamily protein"
"Solly.M82.03G013110.1","guanylate kinase"
"Solly.M82.03G013110.5","guanylate kinase"
"Solly.M82.03G013260.1","exostosin family protein"
"Solly.M82.03G013260.2","exostosin family protein"
"Solly.M82.03G015050.1","receptor-like protein kinase"
"Solly.M82.03G016180.1","2-oxoglutarate (2OG) and Fe(II)-dependent oxygenase superfamily protein"
"Solly.M82.03G016180.2","2-oxoglutarate (2OG) and Fe(II)-dependent oxygenase superfamily protein"
"Solly.M82.03G016190.1","hypothetical protein"
"Solly.M82.03G016480.1","hypothetical protein"
"Solly.M82.03G017240.3","conserved hypothetical protein"
"Solly.M82.03G018150.1","Glycosyl hydrolases family 32 protein"
"Solly.M82.03G018150.2","Glycosyl hydrolases family 32 protein"
"Solly.M82.03G018150.6","Glycosyl hydrolases family 32 protein"
"Solly.M82.03G018150.7","Glycosyl hydrolases family 32 protein"
"Solly.M82.03G018150.9","Glycosyl hydrolases family 32 protein"
"Solly.M82.03G018350.1","Plant invertase/pectin methylesterase inhibitor superfamily protein"
"Solly.M82.03G018580.1","OBP3-responsive gene"
"Solly.M82.03G018580.10","OBP3-responsive gene"
"Solly.M82.03G019580.1","heat shock protein"
"Solly.M82.03G019630.1","conserved hypothetical protein"
"Solly.M82.03G020050.1","Major facilitator superfamily protein"
"Solly.M82.03G020690.1","hydroxysteroid dehydrogenase"
"Solly.M82.03G020730.1","3-ketoacyl-acyl carrier protein synthase III"
"Solly.M82.03G020950.1","O-methyltransferase family protein"
"Solly.M82.03G020990.1","hypothetical protein"
"Solly.M82.03G021530.2","glutamate decarboxylase"
"Solly.M82.03G021530.3","glutamate decarboxylase"
"Solly.M82.03G021530.4","glutamate decarboxylase"
"Solly.M82.03G021530.6","glutamate decarboxylase"
"Solly.M82.03G021720.1","hypothetical protein"
"Solly.M82.03G023430.1","Pectin lyase-like superfamily protein"
"Solly.M82.03G023430.2","Pectin lyase-like superfamily protein"
"Solly.M82.03G023430.3","Pectate lyase family protein"
"Solly.M82.03G023430.4","Pectin lyase-like superfamily protein"
"Solly.M82.03G023490.1","peptidemethionine sulfoxide reductase"
"Solly.M82.03G023730.1","cytochrome P450, family 71, subfamily A, polypeptide"
"Solly.M82.03G023800.2","cytochrome P450, family 71, subfamily A, polypeptide"
"Solly.M82.03G023910.10","Drought-responsive family protein"
"Solly.M82.03G023920.1","pectin methylesterase inhibitor"
"Solly.M82.03G024980.2","homeobox"
"Solly.M82.03G025620.1","HSP20-like chaperones superfamily protein"
"Solly.M82.03G025670.4","Putative thiol-disulphide oxidoreductase DCC"
"Solly.M82.03G026450.1","UDP-glucosyl transferase 89B1"
"Solly.M82.03G027580.1","RING/U-box superfamily protein"
"Solly.M82.03G027590.1","Calcium-binding EF-hand family protein"
"Solly.M82.03G027830.1","basic chitinase"
"Solly.M82.03G028350.2","Putative thiol-disulphide oxidoreductase DCC"
"Solly.M82.03G028350.3","Putative thiol-disulphide oxidoreductase DCC"
"Solly.M82.03G028410.1","conserved hypothetical protein"
"Solly.M82.03G028410.2","conserved hypothetical protein"
"Solly.M82.03G029710.1","4-coumarate:CoA ligase"
"Solly.M82.03G029900.1","conserved hypothetical protein"
"Solly.M82.03G029940.1","Mitochondrial substrate carrier family protein"
"Solly.M82.03G029950.1","hypothetical protein"
"Solly.M82.03G030730.2","conserved hypothetical protein"
"Solly.M82.03G032490.1","Major facilitator superfamily protein"
"Solly.M82.03G032490.2","Major facilitator superfamily protein"
"Solly.M82.03G032640.3","Sulfite exporter TauE/SafE family protein"
"Solly.M82.03G032870.1","ABC-2 and Plant PDR ABC-type transporter family protein"
"Solly.M82.03G032870.4","ABC-2 and Plant PDR ABC-type transporter family protein"
"Solly.M82.03G033440.1","beta galactosidase"
"Solly.M82.03G033560.2","C2H2 and C2HC zinc fingers superfamily protein"
"Solly.M82.03G034000.1","Aldolase-type TIM barrel family protein"
"Solly.M82.03G034000.2","Aldolase-type TIM barrel family protein"
"Solly.M82.03G034000.4","Aldolase-type TIM barrel family protein"
"Solly.M82.04G000070.1","Transducin/WD40 repeat-like superfamily protein"
"Solly.M82.04G000790.1","NAC-like, activated by AP3/PI"
"Solly.M82.04G000810.1","Mitochondrial transcription termination factor family protein"
"Solly.M82.04G002040.1","Polyketide cyclase/dehydrase and lipid transport superfamily protein"
"Solly.M82.04G002040.3","Polyketide cyclase/dehydrase and lipid transport superfamily protein"
"Solly.M82.04G002180.1","Protein kinase superfamily protein"
"Solly.M82.04G002270.1","2-oxoglutarate (2OG) and Fe(II)-dependent oxygenase superfamily protein"
"Solly.M82.04G004770.1","aldehyde dehydrogenase 2B7"
"Solly.M82.04G004780.1","hypothetical protein"
"Solly.M82.04G005150.1","heat shock protein"
"Solly.M82.04G005240.1","Protein kinase superfamily protein"
"Solly.M82.04G005270.2","Calcium-dependent lipid-binding (CaLB domain) family protein"
"Solly.M82.04G005270.3","Calcium-dependent lipid-binding (CaLB domain) family protein"
"Solly.M82.04G005860.1","Protein kinase superfamily protein"
"Solly.M82.04G005860.3","Protein kinase superfamily protein"
"Solly.M82.04G005860.5","Protein kinase superfamily protein"
"Solly.M82.04G009030.1","S-adenosyl-L-methionine-dependent methyltransferases superfamily protein"
"Solly.M82.04G009720.1","hypothetical protein"
"Solly.M82.04G016670.2","alanine:glyoxylate aminotransferase"
"Solly.M82.04G017330.4","acyl-CoA oxidase"
"Solly.M82.04G018320.1","hypothetical protein"
"Solly.M82.04G019010.4","Target of Myb protein"
"Solly.M82.04G019060.2","Thiamin diphosphate-binding fold (THDP-binding) superfamily protein"
"Solly.M82.04G019670.2","pathogenesis-related family protein"
"Solly.M82.04G020490.4","Pyridoxal phosphate (PLP)-dependent transferases superfamily protein"
"Solly.M82.04G020500.1","cytochrome P450, family 722, subfamily A, polypeptide"
"Solly.M82.04G021040.1","ethylene response  factor"
"Solly.M82.04G021940.1","DNA-directed RNA polymerase II protein"
"Solly.M82.04G023020.3","transferases, transferring glycosyl groups"
"Solly.M82.04G023310.1","MATE efflux family protein"
"Solly.M82.04G023330.1","MATE efflux family protein"
"Solly.M82.04G024370.6","Phosphoglycerate mutase family protein"
"Solly.M82.04G024420.1","phosphoenolpyruvate carboxykinase"
"Solly.M82.04G025140.1","serine carboxypeptidase-like"
"Solly.M82.04G025140.3","serine carboxypeptidase-like"
"Solly.M82.04G025280.1","ZCF37"
"Solly.M82.04G026070.1","DREB and EAR motif protein"
"Solly.M82.04G027360.1","geranylgeranyl pyrophosphate synthase"
"Solly.M82.04G028150.1","Wound-responsive family protein"
"Solly.M82.04G029330.1","DC1 domain-containing protein"
"Solly.M82.04G029920.1","Protein kinase superfamily protein"
"Solly.M82.04G030250.13","Auxin efflux carrier family protein"
"Solly.M82.05G000530.2","beta carbonic anhydrase"
"Solly.M82.05G002130.1","alpha-amylase-like"
"Solly.M82.05G002720.1","NAC-like, activated by AP3/PI"
"Solly.M82.05G003560.1","RING-H2 finger A2A"
"Solly.M82.05G004000.1","Core-2/I-branching beta-1,6-N-acetylglucosaminyltransferase family protein"
"Solly.M82.05G005780.2","18S pre-ribosomal assembly protein gar2-related"
"Solly.M82.05G005900.1","Cytochrome P450 superfamily protein"
"Solly.M82.05G005960.1","K-box region and MADS-box transcription factor family protein "
"Solly.M82.05G005960.2","K-box region and MADS-box transcription factor family protein "
"Solly.M82.05G005960.3","K-box region and MADS-box transcription factor family protein "
"Solly.M82.05G007410.1","Octicosapeptide/Phox/Bem1p family protein"
"Solly.M82.05G007410.5","Octicosapeptide/Phox/Bem1p family protein"
"Solly.M82.05G007650.1","Cellulase (glycosyl hydrolase family 5) protein"
"Solly.M82.05G007870.1","S-adenosyl-L-methionine-dependent methyltransferases superfamily protein"
"Solly.M82.05G008180.2","multidrug resistance-associated protein"
"Solly.M82.05G008770.1","hypothetical protein"
"Solly.M82.05G008860.1","P-loop containing nucleoside triphosphate hydrolases superfamily protein"
"Solly.M82.05G010920.8","2-oxoglutarate (2OG) and Fe(II)-dependent oxygenase superfamily protein"
"Solly.M82.05G011110.1","hypothetical protein"
"Solly.M82.05G011660.2","hypothetical protein"
"Solly.M82.05G015060.2","phytoene desaturation"
"Solly.M82.05G017160.1","phosphomannomutase"
"Solly.M82.05G017910.1","ACC synthase"
"Solly.M82.05G018080.3","Auxin-responsive GH3 family protein"
"Solly.M82.05G018970.1","Eukaryotic aspartyl protease family protein"
"Solly.M82.05G021080.1","CBL-interacting protein kinase"
"Solly.M82.06G000970.1","Glycosyl hydrolase family protein"
"Solly.M82.06G001960.1","Flavin-binding monooxygenase family protein"
"Solly.M82.06G002200.1","Protein kinase family protein with leucine-rich repeat domain"
"Solly.M82.06G002730.2","alpha/beta-Hydrolases superfamily protein"
"Solly.M82.06G002770.2","acyl activating enzyme"
"Solly.M82.06G002900.1","Adenine nucleotide alpha hydrolases-like superfamily protein"
"Solly.M82.06G004400.3","casein lytic proteinase B4"
"Solly.M82.06G004400.5","casein lytic proteinase B4"
"Solly.M82.06G004410.1","casein lytic proteinase B4"
"Solly.M82.06G004420.1","casein lytic proteinase B4"
"Solly.M82.06G005450.2","delta1-pyrroline-5-carboxylate synthase"
"Solly.M82.06G007120.1","SCARECROW-like"
"Solly.M82.06G007220.1","conserved hypothetical protein"
"Solly.M82.06G007260.2","heat shock protein 90.1"
"Solly.M82.06G007310.1","Pentatricopeptide repeat (PPR) superfamily protein"
"Solly.M82.06G010530.1","expansin A4"
"Solly.M82.06G010610.3","phosphate transporter 1;7"
"Solly.M82.06G011400.1","phosphoenolpyruvate carboxylase kinase"
"Solly.M82.06G011400.2","phosphoenolpyruvate carboxylase kinase"
"Solly.M82.06G011400.3","phosphoenolpyruvate carboxylase kinase"
"Solly.M82.06G011400.4","phosphoenolpyruvate carboxylase kinase"
"Solly.M82.06G011400.5","phosphoenolpyruvate carboxylase kinase"
"Solly.M82.06G011490.1","Signal transduction histidine kinase, hybrid-type, ethylene sensor"
"Solly.M82.06G011500.1","hypothetical protein"
"Solly.M82.06G011690.1","3-ketoacyl-CoA synthase"
"Solly.M82.06G011740.1","heat shock transcription factor  A6B"
"Solly.M82.06G012490.1","Plant stearoyl-acyl-carrier-protein desaturase family protein"
"Solly.M82.06G012510.2","alcohol dehydrogenase"
"Solly.M82.06G012960.5","stromal ascorbate peroxidase"
"Solly.M82.06G014000.2","Mitochondrial substrate carrier family protein"
"Solly.M82.06G014440.1","Glucose-methanol-choline (GMC) oxidoreductase family protein"
"Solly.M82.06G015700.1","hypothetical protein"
"Solly.M82.06G015710.1","hypothetical protein"
"Solly.M82.06G015830.2","basic helix-loop-helix (bHLH) DNA-binding superfamily protein"
"Solly.M82.06G017480.4","Major facilitator superfamily protein"
"Solly.M82.06G018750.2","nudix hydrolase homolog"
"Solly.M82.06G019290.1","AGAMOUS-like"
"Solly.M82.06G019300.1","AGAMOUS-like"
"Solly.M82.06G020320.1","Protein of unknown function (DUF3506)"
"Solly.M82.06G020630.1","Octicosapeptide/Phox/Bem1p family protein"
"Solly.M82.06G021350.1","BCL-2-associated athanogene"
"Solly.M82.06G021710.1","syntaxin of plants "
"Solly.M82.06G024700.1","C2H2-type zinc finger family protein"
"Solly.M82.06G025420.1","HSP20-like chaperones superfamily protein"
"Solly.M82.06G025460.1","HSP20-like chaperones superfamily protein"
"Solly.M82.06G025470.2","HSP20-like chaperones superfamily protein"
"Solly.M82.06G027290.2","senescence-associated gene"
"Solly.M82.06G027290.3","senescence-associated gene"
"Solly.M82.06G027290.4","senescence-associated gene"
"Solly.M82.06G027310.1","NAD(P)-binding Rossmann-fold superfamily protein"
"Solly.M82.06G027310.2","NAD(P)-binding Rossmann-fold superfamily protein"
"Solly.M82.06G028360.1","Adenine nucleotide alpha hydrolases-like superfamily protein"
"Solly.M82.07G005260.1","hypothetical protein"
"Solly.M82.07G005400.1","hypothetical protein"
"Solly.M82.07G006070.1","hypothetical protein"
"Solly.M82.07G006270.1","disease resistance family protein / LRR family protein"
"Solly.M82.07G008320.8","RING/FYVE/PHD-type zinc finger family protein"
"Solly.M82.07G008490.1","lysine-ketoglutarate reductase/saccharopine dehydrogenase bifunctional enzyme"
"Solly.M82.07G011420.10","Plant protein of unknown function (DUF827)"
"Solly.M82.07G011420.8","Plant protein of unknown function (DUF827)"
"Solly.M82.07G014690.1","U-box domain-containing protein kinase family protein"
"Solly.M82.07G015350.1","hypothetical protein"
"Solly.M82.07G016140.6","alpha/beta-Hydrolases superfamily protein"
"Solly.M82.07G016240.2","sucrose synthase"
"Solly.M82.07G017690.1","alkenal reductase"
"Solly.M82.07G017760.2","conserved hypothetical protein"
"Solly.M82.07G017760.5","conserved hypothetical protein"
"Solly.M82.07G017780.2","phosphofructokinase"
"Solly.M82.07G018540.1","NAD(P)-binding Rossmann-fold superfamily protein"
"Solly.M82.07G018540.2","NAD(P)-binding Rossmann-fold superfamily protein"
"Solly.M82.07G018540.4","NAD(P)-binding Rossmann-fold superfamily protein"
"Solly.M82.07G018540.5","NAD(P)-binding Rossmann-fold superfamily protein"
"Solly.M82.07G018540.6","NAD(P)-binding Rossmann-fold superfamily protein"
"Solly.M82.07G018540.7","NAD(P)-binding Rossmann-fold superfamily protein"
"Solly.M82.07G019320.2","ethylene-forming enzyme"
"Solly.M82.07G019320.4","ethylene-forming enzyme"
"Solly.M82.07G019340.1","ethylene-forming enzyme"
"Solly.M82.07G019530.1","hydroperoxide lyase"
"Solly.M82.07G019750.1","WRKY family transcription factor"
"Solly.M82.07G019790.1","mitogen-activated protein kinase kinase kinase"
"Solly.M82.07G019860.1","SLAC1 homologue"
"Solly.M82.07G020390.3","syntaxin of plants"
"Solly.M82.07G020600.3","beta-amylase"
"Solly.M82.07G020940.1","GRAS family transcription factor"
"Solly.M82.07G021540.1","Thioredoxin superfamily protein"
"Solly.M82.07G022000.1","conserved hypothetical protein"
"Solly.M82.07G023590.1","glycine-rich protein"
"Solly.M82.07G023870.3","galacturonosyltransferase"
"Solly.M82.07G024360.1","glutathione S-transferase TAU"
"Solly.M82.07G024370.1","glutathione S-transferase TAU"
"Solly.M82.07G024370.2","glutathione S-transferase TAU"
"Solly.M82.07G024440.1","glutathione S-transferase TAU"
"Solly.M82.07G024570.1","Arabidopsis thaliana gibberellin 2-oxidase"
"Solly.M82.07G024990.1","solanesyl diphosphate synthase"
"Solly.M82.07G025050.1","methionine sulfoxide reductase B"
"Solly.M82.07G025210.1","TRICHOME BIREFRINGENCE-LIKE"
"Solly.M82.07G025920.1","Protein phosphatase 2C family protein"
"Solly.M82.07G025920.3","Protein phosphatase 2C family protein"
"Solly.M82.07G026050.1","Core-2/I-branching beta-1,6-N-acetylglucosaminyltransferase family protein"
"Solly.M82.07G026550.4","PapD-like superfamily protein"
"Solly.M82.07G026560.1","Wound-responsive family protein"
"Solly.M82.07G026820.3","organic cation/carnitine transporter4"
"Solly.M82.07G027230.1","fatty acid desaturase A"
"Solly.M82.07G027420.1","Translation initiation factor SUI1 family protein"
"Solly.M82.07G027990.1","Heavy metal transport/detoxification superfamily protein "
"Solly.M82.07G028130.2","serine acetyltransferase 2;2"
"Solly.M82.07G028540.1","RING/U-box superfamily protein"
"Solly.M82.07G028580.1","Leucine-rich repeat receptor-like protein kinase family protein"
"Solly.M82.07G029360.1","Terpenoid cyclases/Protein prenyltransferases superfamily protein"
"Solly.M82.08G000700.1","cytochrome P450, family 707, subfamily A, polypeptide"
"Solly.M82.08G000720.1","Long-chain fatty alcohol dehydrogenase family protein"
"Solly.M82.08G000810.1","HXXXD-type acyl-transferase family protein"
"Solly.M82.08G001390.1","UDP-glycosyltransferase 74 F1"
"Solly.M82.08G001780.1","2-oxoglutarate (2OG) and Fe(II)-dependent oxygenase superfamily protein"
"Solly.M82.08G001790.1","conserved hypothetical protein"
"Solly.M82.08G002980.1","MATE efflux family protein"
"Solly.M82.08G003480.1","conserved hypothetical protein"
"Solly.M82.08G004230.2","2-isopropylmalate synthase"
"Solly.M82.08G006980.1","hypothetical protein"
"Solly.M82.08G009400.1","hypothetical protein"
"Solly.M82.08G010780.1","Basic-leucine zipper (bZIP) transcription factor family protein"
"Solly.M82.08G010950.1","Basic-leucine zipper (bZIP) transcription factor family protein"
"Solly.M82.08G011030.1","Protein of unknown function (DUF1677)"
"Solly.M82.08G012030.1","17.6 kDa class II heat shock protein"
"Solly.M82.08G012100.1","17.6 kDa class II heat shock protein"
"Solly.M82.08G012380.18","heat shock transcription factor A2"
"Solly.M82.08G012480.1","indeterminate(ID)-domain"
"Solly.M82.08G013070.1","gamma vacuolar processing enzyme"
"Solly.M82.08G013070.2","gamma vacuolar processing enzyme"
"Solly.M82.08G013600.1","Pyridoxal phosphate (PLP)-dependent transferases superfamily protein"
"Solly.M82.08G013600.2","Pyridoxal phosphate (PLP)-dependent transferases superfamily protein"
"Solly.M82.08G013600.3","Pyridoxal phosphate (PLP)-dependent transferases superfamily protein"
"Solly.M82.08G013600.4","Pyridoxal phosphate (PLP)-dependent transferases superfamily protein"
"Solly.M82.08G013600.5","Pyridoxal phosphate (PLP)-dependent transferases superfamily protein"
"Solly.M82.08G013600.6","Pyridoxal phosphate (PLP)-dependent transferases superfamily protein"
"Solly.M82.08G013610.1","Pyridoxal phosphate (PLP)-dependent transferases superfamily protein"
"Solly.M82.08G013620.1","Pyridoxal phosphate (PLP)-dependent transferases superfamily protein"
"Solly.M82.08G013630.2","Pyridoxal phosphate (PLP)-dependent transferases superfamily protein"
"Solly.M82.08G013780.1","Polyketide cyclase/dehydrase and lipid transport superfamily protein"
"Solly.M82.08G014050.2","Exostosin family protein"
"Solly.M82.08G014050.3","Exostosin family protein"
"Solly.M82.08G014050.4","Exostosin family protein"
"Solly.M82.08G014050.5","Exostosin family protein"
"Solly.M82.08G014050.6","Exostosin family protein"
"Solly.M82.08G014060.1","Ribosomal protein S5 domain 2-like superfamily protein"
"Solly.M82.08G014070.1","carotenoid cleavage dioxygenase"
"Solly.M82.08G014070.2","carotenoid cleavage dioxygenase"
"Solly.M82.08G015380.2","CHY-type/CTCHY-type/RING-type Zinc finger protein"
"Solly.M82.08G016380.2","Aldolase superfamily protein"
"Solly.M82.08G016410.1","Galactosyltransferase family protein"
"Solly.M82.08G017500.1","Pectinacetylesterase family protein"
"Solly.M82.08G017980.1","alternative oxidase 1A"
"Solly.M82.08G017980.2","alternative oxidase 1A"
"Solly.M82.08G019570.3","CheY-like two-component responsive regulator family protein"
"Solly.M82.08G019630.1","P-loop containing nucleoside triphosphate hydrolases superfamily protein"
"Solly.M82.08G020350.1","FAD/NAD(P)-binding oxidoreductase family protein"
"Solly.M82.08G020770.1","Exostosin family protein"
"Solly.M82.08G020780.1","Oxidoreductase family protein"
"Solly.M82.08G020830.1","GRAM domain family protein"
"Solly.M82.08G021150.1","Ubiquitin-like superfamily protein"
"Solly.M82.08G022440.1","non-yellowing"
"Solly.M82.08G022690.2","cytochrome P450, family 76, subfamily C, polypeptide"
"Solly.M82.08G023280.3","glutamate-cysteine ligase"
"Solly.M82.08G023280.5","glutamate-cysteine ligase"
"Solly.M82.08G025210.1","with no lysine (K) kinase"
"Solly.M82.08G025220.1","oligopeptide transporter"
"Solly.M82.08G025220.3","oligopeptide transporter"
"Solly.M82.08G025350.1","homeobox"
"Solly.M82.09G001590.1","ascorbate peroxidase"
"Solly.M82.09G001590.2","ascorbate peroxidase"
"Solly.M82.09G002340.2","Cysteine proteinases superfamily protein"
"Solly.M82.09G002500.1","SAUR-like auxin-responsive protein family "
"Solly.M82.09G002510.1","hypothetical protein"
"Solly.M82.09G004030.1","A20/AN1-like zinc finger family protein"
"Solly.M82.09G004640.2","glycosyl hydrolase 9B1"
"Solly.M82.09G004730.1","F-box protein At4g00893"
"Solly.M82.09G005910.2","conserved hypothetical protein"
"Solly.M82.09G005910.3","conserved hypothetical protein"
"Solly.M82.09G005920.1","RHO guanyl-nucleotide exchange factor"
"Solly.M82.09G006080.1","glutathione S-transferase TAU"
"Solly.M82.09G006630.2","phosphate transporter 4;2"
"Solly.M82.09G007500.2","heat shock protein 17.4"
"Solly.M82.09G007510.1","heat shock protein 17.4"
"Solly.M82.09G010760.2","sorting nexin 2B"
"Solly.M82.09G014970.1","PPPDE putative thiol peptidase family protein"
"Solly.M82.09G016650.1","alpha/beta-Hydrolases superfamily protein"
"Solly.M82.09G016660.1","Heavy metal transport/detoxification superfamily protein "
"Solly.M82.09G017970.1","AUX/IAA transcriptional regulator family protein"
"Solly.M82.09G018190.1","homeodomain GLABROUS"
"Solly.M82.09G018300.1","cytochrome P450, family 94, subfamily B, polypeptide"
"Solly.M82.09G019670.1","alpha/beta-Hydrolases superfamily protein"
"Solly.M82.09G020670.2","ethylene response sensor"
"Solly.M82.09G020670.3","ethylene response sensor"
"Solly.M82.09G020670.4","ethylene response sensor"
"Solly.M82.09G020670.7","ethylene response sensor"
"Solly.M82.09G021790.1","homocysteine S-methyltransferase"
"Solly.M82.09G022020.2","Chlorophyll A-B binding family protein"
"Solly.M82.09G023010.1","UDP-Glycosyltransferase superfamily protein"
"Solly.M82.09G023020.1","hypothetical protein"
"Solly.M82.09G023030.1","2-oxoglutarate (2OG) and Fe(II)-dependent oxygenase superfamily protein"
"Solly.M82.09G023040.1","UDP-Glycosyltransferase superfamily protein"
"Solly.M82.09G023070.1","Signal transduction histidine kinase, hybrid-type, ethylene sensor"
"Solly.M82.09G023170.1","2-oxoglutarate (2OG) and Fe(II)-dependent oxygenase superfamily protein"
"Solly.M82.09G023180.1","2-oxoglutarate (2OG) and Fe(II)-dependent oxygenase superfamily protein"
"Solly.M82.09G023460.1","phosphate transporter 1;4"
"Solly.M82.09G024810.1","peroxisomal 3-ketoacyl-CoA thiolase"
"Solly.M82.09G025670.1","S-adenosyl-L-homocysteine hydrolase"
"Solly.M82.09G025760.1","UDP-Glycosyltransferase superfamily protein"
"Solly.M82.09G026340.1","Ankyrin repeat family protein"
"Solly.M82.10G001920.1","S-locus lectin protein kinase family protein"
"Solly.M82.10G002080.1","NAC domain containing protein "
"Solly.M82.10G002080.2","NAC domain containing protein "
"Solly.M82.10G002220.1","Core-2/I-branching beta-1,6-N-acetylglucosaminyltransferase family protein"
"Solly.M82.10G002280.4","Tyrosine transaminase family protein"
"Solly.M82.10G003690.5","ELMO/CED-12 family protein"
"Solly.M82.10G003690.6","ELMO/CED-12 family protein"
"Solly.M82.10G003720.3","Peroxisomal membrane 22 kDa (Mpv17/PMP22) family protein"
"Solly.M82.10G005450.1","calmodulin-binding receptor-like cytoplasmic kinase"
"Solly.M82.10G005660.4","cysteine synthase C1"
"Solly.M82.10G006270.2","NAD(P)-binding Rossmann-fold superfamily protein"
"Solly.M82.10G006270.3","NAD(P)-binding Rossmann-fold superfamily protein"
"Solly.M82.10G007470.1","multidrug resistance-associated protein"
"Solly.M82.10G008190.3","dehydroquinate dehydratase, putative / shikimate dehydrogenase, putative"
"Solly.M82.10G010910.2","beta-D-xylosidase"
"Solly.M82.10G013650.1","hypothetical protein"
"Solly.M82.10G014230.1","cytochrome P450, family 72, subfamily A, polypeptide"
"Solly.M82.10G014290.3","conserved hypothetical protein"
"Solly.M82.10G019710.4","basic helix-loop-helix (bHLH) DNA-binding superfamily protein"
"Solly.M82.10G020250.1","HXXXD-type acyl-transferase family protein"
"Solly.M82.10G020260.1","HXXXD-type acyl-transferase family protein"
"Solly.M82.10G020850.1","Pectin lyase-like superfamily protein"
"Solly.M82.10G021290.1","conserved hypothetical protein"
"Solly.M82.10G021290.2","conserved hypothetical protein"
"Solly.M82.10G021290.4","conserved hypothetical protein"
"Solly.M82.10G021520.1","cytochrome P450, family 96, subfamily A, polypeptide"
"Solly.M82.10G021570.1","NAD(P)-binding Rossmann-fold superfamily protein"
"Solly.M82.10G021570.2","NAD(P)-binding Rossmann-fold superfamily protein"
"Solly.M82.10G022300.1","carotenoid isomerase"
"Solly.M82.10G022300.2","carotenoid isomerase"
"Solly.M82.10G023360.1","F-box family protein"
"Solly.M82.10G023540.1","cytochrome P450, family 94, subfamily C, polypeptide"
"Solly.M82.10G023540.2","cytochrome P450, family 94, subfamily C, polypeptide"
"Solly.M82.10G023760.1","HhH-GPD base excision DNA repair family protein"
"Solly.M82.10G023850.1","Pyruvate kinase family protein"
"Solly.M82.10G023980.2","gamma tonoplast intrinsic protein"
"Solly.M82.10G024730.1","Plant protein 1589 of unknown function (A_thal_3526) domain containing protein"
"Solly.M82.10G024730.2","Plant protein 1589 of unknown function (A_thal_3526) domain containing protein"
"Solly.M82.10G025220.3","SOUL heme-binding family protein"
"Solly.M82.10G025220.4","SOUL heme-binding family protein"
"Solly.M82.10G025330.1","Undecaprenyl pyrophosphate synthetase family protein"
"Solly.M82.10G025440.1","UDP-glucosyl transferase 76E1"
"Solly.M82.10G025970.1","O-methyltransferase family protein"
"Solly.M82.10G026010.3","UDP-Glycosyltransferase superfamily protein"
"Solly.M82.10G026020.1","Tetratricopeptide repeat (TPR)-like superfamily protein"
"Solly.M82.11G000400.1","Duplicated homeodomain-like superfamily protein"
"Solly.M82.11G002360.1","UDP-glucosyl transferase 72B3"
"Solly.M82.11G003200.1","Armadillo/beta-catenin repeat family protein / kinesin motor family protein"
"Solly.M82.11G003270.1","Transmembrane amino acid transporter family protein"
"Solly.M82.11G003500.1","beta glucosidase"
"Solly.M82.11G003720.4","leucine-rich repeat transmembrane protein kinase family protein"
"Solly.M82.11G005160.1","glutamine synthase clone R1"
"Solly.M82.11G006050.2","transcription activators;DNA binding;RNA polymerase II transcription factors;catalytics;transcription initiation factors"
"Solly.M82.11G006570.2","oligopeptide transporter"
"Solly.M82.11G007180.1","conserved hypothetical protein"
"Solly.M82.11G007340.1","auxin response factor"
"Solly.M82.11G008510.4","NAC (No Apical Meristem) domain transcriptional regulator superfamily protein"
"Solly.M82.11G009180.1","chloroplast heat shock protein 70-2"
"Solly.M82.11G009200.1","D-isomer specific 2-hydroxyacid dehydrogenase family protein"
"Solly.M82.11G009370.1","HSP20-like chaperones superfamily protein"
"Solly.M82.11G009810.1","TCP family transcription factor "
"Solly.M82.11G009870.1","Hydrolase-like protein family"
"Solly.M82.11G013420.1","hypothetical protein"
"Solly.M82.11G013830.3","beta-xylosidase"
"Solly.M82.11G016190.1","hypothetical protein"
"Solly.M82.11G018550.3","Aldolase superfamily protein"
"Solly.M82.11G019310.2","xanthine dehydrogenase"
"Solly.M82.11G019510.1","heat shock protein"
"Solly.M82.11G019770.1","Protein of unknown function (DUF1635)"
"Solly.M82.11G020030.1","Eukaryotic aspartyl protease family protein"
"Solly.M82.11G020030.2","Eukaryotic aspartyl protease family protein"
"Solly.M82.11G020330.1","Plant protein of unknown function (DUF868)"
"Solly.M82.11G020520.1","NAD(P)-linked oxidoreductase superfamily protein"
"Solly.M82.11G020630.3","alpha/beta-Hydrolases superfamily protein"
"Solly.M82.11G024070.1","LOB domain-containing protein"
"Solly.M82.11G024500.1","conserved hypothetical protein"
"Solly.M82.12G000940.6","NAD(P)-binding Rossmann-fold superfamily protein"
"Solly.M82.12G001050.2","WLM domain containing protein"
"Solly.M82.12G002990.1","beta galactosidase"
"Solly.M82.12G003700.1","EIN3-binding F box protein"
"Solly.M82.12G003700.2","EIN3-binding F box protein"
"Solly.M82.12G004320.1","temperature-induced lipocalin"
"Solly.M82.12G004410.1","KNOTTED1-like homeobox gene"
"Solly.M82.12G005590.1","NAC (No Apical Meristem) domain transcriptional regulator superfamily protein"
"Solly.M82.12G005650.1","FAD/NAD(P)-binding oxidoreductase family protein"
"Solly.M82.12G005660.1","Aluminium induced protein with YGL and LRDR motifs"
"Solly.M82.12G005660.2","Aluminium induced protein with YGL and LRDR motifs"
"Solly.M82.12G005660.3","Aluminium induced protein with YGL and LRDR motifs"
"Solly.M82.12G005760.2","metallothionein"
"Solly.M82.12G007240.1","photosystem II subunit R"
"Solly.M82.12G007240.2","photosystem II subunit R"
"Solly.M82.12G007240.3","photosystem II subunit R"
"Solly.M82.12G007240.4","photosystem II subunit R"
"Solly.M82.12G007240.5","photosystem II subunit R"
"Solly.M82.12G007240.6","photosystem II subunit R"
"Solly.M82.12G008690.1","cytochrome P450, family 704, subfamily A, polypeptide"
"Solly.M82.12G010910.1","fatty acid amide hydrolase"
"Solly.M82.12G010920.3","fatty acid amide hydrolase"
"Solly.M82.12G011310.1","hypothetical protein"
"Solly.M82.12G020400.1","ethylene response  factor"
"Solly.M82.12G020400.3","ethylene response  factor"
"Solly.M82.12G020410.1","NAD(P)-binding Rossmann-fold superfamily protein"
"Solly.M82.12G020440.1","one-helix protein"
"Solly.M82.12G020830.3","acetyl-CoA carboxylase"
"Solly.M82.12G021510.1","branched-chain amino acid transaminase"
"Solly.M82.12G021710.1","cytochrome P450, family 81, subfamily D, polypeptide"
"Solly.M82.12G022500.1","bifunctional nuclease in basal defense response"
"Solly.M82.12G022520.1","B-box zinc finger family protein"
"Solly.M82.12G022520.3","B-box zinc finger family protein"
"Solly.M82.12G025040.1","15-cis-zeta-carotene isomerase"
"Solly.M82.12G026100.1","CRT (chloroquine-resistance transporter)-like transporter"
